# cc_alana_bot, rg_alana_bot
0.000000000000000000e+00,0.000000000000000000e+00
3.600000000000000000e+01,0.000000000000000000e+00
1.111111111111111072e+01,0.000000000000000000e+00
