# cc_composite_score, rg_composite_score
7.288135593220338437e-01,6.481481481481481399e-01
5.614035087719297934e-01,6.875000000000000000e-01
6.603773584905660021e-01,6.181818181818181657e-01
