# cc_duration, rg_duration
1.079356999999999971e+03,1.063664999999999964e+03
6.683300000000000409e+02,9.786779999999999973e+02
7.872999999999999545e+02,1.004716000000000008e+03
