# cc_glue_icebreaker, rg_glue_icebreaker
4.375000000000000000e-01,5.263157894736841813e-01
2.000000000000000111e-01,4.500000000000000111e-01
2.777777777777777901e-01,5.238095238095238360e-01
