# cc_score_2, rg_score_2
3.220338983050847204e-01,2.962962962962962798e-01
2.982456140350877027e-01,3.593750000000000000e-01
3.207547169811320598e-01,1.818181818181818094e-02
