# cc_score_1, rg_score_1
4.067796610169491789e-01,3.518518518518518601e-01
2.631578947368420907e-01,3.281250000000000000e-01
3.396226415094339424e-01,3.272727272727272707e-01
