# cc_time_per_glue_turn, rg_time_per_glue_turn
6.745981249999999818e+01,5.598236842105262667e+01
2.673320000000000007e+01,4.893390000000000128e+01
4.373888888888888715e+01,4.784361904761905038e+01
