# cc_turn_counter, rg_turn_counter
1.600000000000000000e+01,1.900000000000000000e+01
2.500000000000000000e+01,2.000000000000000000e+01
1.800000000000000000e+01,2.100000000000000000e+01
